prompt_id,prompt,category,difficulty,expected_reasoning,domain,constraint_count,estimated_complexity,output_format,prompt_length,word_count,estimated_input_tokens,contains_code,contains_math,contains_json,contains_markdown,contains_numbers,contains_question,reasoning_score,technical_complexity,reasoning_depth,task_complexity,constraint_complexity,context_complexity,complexity_score,local_latency_ms,remote_latency_ms,local_cost,remote_cost,local_quality_score,remote_quality_score,label
gen_000001,Write production-ready code for a clinical operations team that processes a triage protocol involving patient cohort and handles privacy exposure. Format the response as plain paragraphs. Keep the answer under 80 words.,coding,easy,low,healthcare,1,0.345,plain paragraphs,219,32,55,0,0,0,0,1,0,2,0.375,0.0,0.25,0.08,0.1712,0.1983,176,285,0.0,0.002138,0.6566,0.8839,REMOTE
gen_000002,Design a phased rollout for triage protocol adoption across teams that depend on patient cohort. Format the response as plain paragraphs. Include at least 2 concrete examples. Discuss edge cases and failure modes.,planning,easy,low,healthcare,2,0.39,plain paragraphs,213,33,54,0,0,0,0,1,0,3,0.1875,0.0,1.0,0.08,0.1629,0.3289,269,300,0.0,0.001475,0.6996,0.8004,LOCAL
gen_000003,Analyze whether a patient safety committee should prioritize claims feed improvements or direct mitigation of privacy exposure. Format the response as plain paragraphs. Discuss edge cases and failure modes.,reasoning,easy,low,healthcare,1,0.345,plain paragraphs,206,29,52,0,0,0,0,0,0,3,0.1875,0.3024,0.65,0.08,0.092,0.3394,252,392,0.0,0.00213,0.8455,0.8655,LOCAL
gen_000004,Translate this operational notice about incorrect dosage guidance into French for stakeholders using claims feed. Format the response as numbered steps. Avoid unexplained jargon. Make assumptions explicit for auditability.,translation,easy,low,healthcare,2,0.39,numbered steps,222,29,56,0,0,0,0,0,0,2,0.1988,0.2625,0.2,0.08,0.0964,0.2224,172,360,0.0,0.00267,0.8607,0.8607,LOCAL
gen_000005,"Summarize a detailed clinical note for a clinical operations team, highlighting readmission rate, incorrect dosage guidance, and impact on patient cohort. Format the response as numbered steps. Make assumptions explicit for auditability.",summarization,easy,low,healthcare,1,0.345,numbered steps,237,32,60,0,0,0,0,0,0,2,0.3975,0.0,0.26,0.08,0.1006,0.2019,312,405,0.0,0.00156,0.7709,0.8155,LOCAL
gen_000006,"Compose a reflective story in which patient cohort becomes a symbol for changing wait time. Format the response as numbered steps. Compare risks, trade-offs, and mitigations. Return the core result using the requested schema.",creative_writing,easy,low,healthcare,2,0.39,numbered steps,225,34,57,1,0,0,0,0,1,5,0.1875,0.7,0.65,0.28,0.0975,0.4633,344,825,0.0,0.005023,0.85,0.85,LOCAL
gen_000007,"Explain how a consent form affects wait time, care delay, and day-to-day decisions for a patient safety committee. Format the response as bullet list. Return the core result using the requested schema.",general,easy,medium,healthcare,1,0.415,bullet list,201,32,51,1,0,0,0,0,1,2,0.1875,0.0,0.48,0.28,0.0908,0.2171,170,280,0.0,0.001928,0.85,0.89,LOCAL
gen_000008,Compute the break-even threshold for a consent form when care delay adds a variable cost to each nurse queue. Format the response as bullet list. Mark any facts that would need external verification. Use accessible language for a mixed-expertise audience.,mathematics,easy,medium,healthcare,2,0.46,bullet list,255,40,64,0,0,0,0,0,1,3,0.0,0.0,0.78,0.08,0.1047,0.3043,138,482,0.0,0.00211,0.8342,0.8342,LOCAL
gen_000009,Write production-ready code for a clinical operations team that processes a appointment workflow involving nurse queue and handles care delay. Include a realistic constraint and one exception case. Format the response as bullet list. Use accessible language for a mixed-expertise audience. Address security and privacy implications.,coding,medium,medium,healthcare,2,0.76,bullet list,332,46,83,0,0,0,0,0,0,2,0.1875,0.0,0.35,0.08,0.1225,0.1631,156,453,0.0,0.001847,0.8286,0.8286,LOCAL
gen_000010,"Design a phased rollout for appointment workflow adoption across teams that depend on nurse queue. Include a realistic constraint and one exception case. Format the response as markdown table. Address security and privacy implications. Optimize for low-latency operational use. Maintain a professional, neutral tone.",planning,medium,medium,healthcare,3,0.805,markdown table,316,44,79,0,0,0,0,0,0,5,0.0,0.2975,1.0,0.18,0.119,0.5229,359,823,0.0,0.004087,0.839,0.839,LOCAL
gen_000011,Analyze whether a patient safety committee should prioritize triage protocol improvements or direct mitigation of audit failure. Include a realistic constraint and one exception case. Format the response as markdown table. Optimize for low-latency operational use. Show the reasoning steps without skipping assumptions.,reasoning,medium,high,healthcare,2,0.84,markdown table,319,43,80,0,0,0,0,0,0,4,0.1988,0.3316,0.8,0.08,0.1735,0.3958,345,673,0.0,0.0034,0.8143,0.8143,LOCAL
gen_000012,"Translate this operational notice about audit failure into French for stakeholders using triage protocol. Include a realistic constraint and one exception case. Format the response as markdown table. Provide enough context for a precise answer without requiring external documents. Maintain a professional, neutral tone. Preserve local conventions, units, and formatting. Do not add facts that are not present in the source material.",translation,medium,high,healthcare,3,0.935,markdown table,433,62,109,0,0,0,0,0,0,2,0.1875,0.2625,0.2,0.24,0.1823,0.2434,155,280,0.0,0.002682,0.6361,0.8018,LOCAL
gen_000013,"Summarize a detailed claims feed for a clinical operations team, highlighting patient satisfaction, privacy exposure, and impact on nurse queue. Include a realistic constraint and one exception case. Format the response as JSON object. Provide enough context for a precise answer without requiring external documents. Do not add facts that are not present in the source material. Keep the answer under 80 words.",summarization,medium,high,healthcare,2,0.89,JSON object,411,63,103,0,0,0,0,1,0,2,0.375,0.0,0.36,0.24,0.1386,0.2424,294,450,0.0,0.002288,0.8,0.8056,LOCAL
gen_000014,Compose a reflective story in which nurse queue becomes a symbol for changing patient satisfaction. Include a realistic constraint and one exception case. Format the response as JSON object. Provide enough context for a precise answer without requiring external documents. Keep the answer under 120 words. Include at least 2 concrete examples. Discuss edge cases and failure modes.,creative_writing,medium,high,healthcare,3,0.935,JSON object,381,58,96,0,0,0,0,1,1,2,0.1875,0.0,0.25,0.18,0.1332,0.151,308,494,0.0,0.00143,0.802,0.712,LOCAL
gen_000015,"Explain how a clinical note affects patient satisfaction, privacy exposure, and day-to-day decisions for a patient safety committee. Include a realistic constraint and one exception case. Format the response as JSON object. Provide enough context for a precise answer without requiring external documents. Discuss edge cases and failure modes. Avoid unexplained jargon.",general,medium,high,healthcare,2,0.89,JSON object,369,52,93,0,0,0,0,0,1,3,0.375,0.0,0.58,0.18,0.1308,0.2896,211,415,0.0,0.001803,0.8174,0.8174,LOCAL
gen_000016,Compute the break-even threshold for a clinical note when incorrect dosage guidance adds a variable cost to each specialist referral. Include a realistic constraint and one exception case. Format the response as YAML block. Provide enough context for a precise answer without requiring external documents. Include at least 4 concrete examples. Discuss edge cases and failure modes. Avoid unexplained jargon.,mathematics,medium,low,healthcare,3,0.785,YAML block,407,60,102,0,0,0,0,1,1,3,0.375,0.0,0.78,0.08,0.1378,0.3281,325,244,0.0,0.002445,0.8,0.8056,LOCAL
gen_000017,"Write production-ready code for a clinical operations team that processes a consent form involving specialist referral and handles incorrect dosage guidance. Include interacting constraints, uncertainty, and second-order effects. Format the response as YAML block. Provide enough context for a precise answer without requiring external documents. Discuss edge cases and failure modes. Avoid unexplained jargon. Make assumptions explicit for auditability.",coding,hard,high,healthcare,3,1.0,YAML block,454,59,114,0,0,0,0,0,0,3,0.2981,0.245,0.35,0.08,0.1466,0.2963,306,381,0.0,0.001665,0.7582,0.7532,LOCAL
gen_000018,"Design a phased rollout for consent form adoption across teams that depend on specialist referral. Include interacting constraints, uncertainty, and second-order effects. Format the response as YAML block. Provide enough context for a precise answer without requiring external documents. Avoid unexplained jargon. Make assumptions explicit for auditability. Compare risks, trade-offs, and mitigations. Return the core result using the requested schema.",planning,hard,high,healthcare,4,1.0,YAML block,452,60,113,1,0,0,0,0,0,5,0.1875,0.5103,1.0,0.28,0.1459,0.5222,510,555,0.0,0.004302,0.8071,0.8071,LOCAL
gen_000019,"Analyze whether a patient safety committee should prioritize appointment workflow improvements or direct mitigation of care delay. Include interacting constraints, uncertainty, and second-order effects. Format the response as checklist. Provide enough context for a precise answer without requiring external documents. Make assumptions explicit for auditability. Compare risks, trade-offs, and mitigations. Return the core result using the requested schema.",reasoning,hard,high,healthcare,3,1.0,checklist,457,58,115,1,0,0,0,0,0,4,0.1988,0.4872,0.65,0.28,0.1473,0.4191,309,851,0.0,0.003618,0.7927,0.7927,LOCAL
gen_000020,"Translate this operational notice about care delay into French for stakeholders using appointment workflow. Include interacting constraints, uncertainty, and second-order effects. Format the response as checklist. Provide enough context for a precise answer without requiring external documents. Compare risks, trade-offs, and mitigations. Return the core result using the requested schema. Mark any facts that would need external verification. Use accessible language for a mixed-expertise audience.",translation,hard,high,healthcare,4,1.0,checklist,500,65,125,1,0,0,0,0,0,5,0.0,0.4669,0.65,0.28,0.15,0.464,340,603,0.0,0.004542,0.795,0.795,LOCAL
gen_000021,"Summarize a detailed triage protocol for a clinical operations team, highlighting readmission rate, care delay, and impact on specialist referral. Include interacting constraints, uncertainty, and second-order effects. Format the response as checklist. Provide enough context for a precise answer without requiring external documents. Mark any facts that would need external verification. Use accessible language for a mixed-expertise audience. Address security and privacy implications.",summarization,hard,high,healthcare,3,1.0,checklist,487,63,122,0,0,0,0,0,0,3,0.1875,0.245,0.36,0.08,0.19,0.2604,229,306,0.0,0.002525,0.6947,0.7947,LOCAL
gen_000022,"Compose a reflective story in which EHR record becomes a symbol for changing readmission rate. Include interacting constraints, uncertainty, and second-order effects. Format the response as short executive brief. Provide enough context for a precise answer without requiring external documents. Use accessible language for a mixed-expertise audience. Address security and privacy implications. Optimize for low-latency operational use. Maintain a professional, neutral tone.",creative_writing,hard,high,healthcare,4,1.0,short executive brief,474,62,119,0,0,0,0,0,1,4,0.0,0.2929,0.8,0.18,0.15,0.4383,430,772,0.0,0.005218,0.7964,0.7964,LOCAL
gen_000023,"Explain how a claims feed affects readmission rate, audit failure, and day-to-day decisions for a patient safety committee. Include interacting constraints, uncertainty, and second-order effects. Format the response as short executive brief. Use enough detail to support a robust answer, including context, assumptions, and acceptance criteria. Optimize for low-latency operational use. Maintain a professional, neutral tone. Keep the answer under 180 words. Include at least 3 concrete examples.",general,hard,high,healthcare,4,1.0,short executive brief,496,68,124,0,0,0,0,1,1,4,0.1988,0.2929,0.98,0.18,0.15,0.4413,490,489,0.0,0.0052,0.8,0.8,LOCAL
gen_000024,"Compute the break-even threshold for a claims feed when audit failure adds a variable cost to each EHR record. Include interacting constraints, uncertainty, and second-order effects. Format the response as short executive brief. Use enough detail to support a robust answer, including context, assumptions, and acceptance criteria. Address security and privacy implications. Optimize for low-latency operational use. State time and space complexity where applicable. Show the reasoning steps without skipping assumptions. Maintain a professional, neutral tone.",mathematics,hard,high,healthcare,5,1.0,short executive brief,560,76,140,0,0,0,0,0,1,5,0.2902,0.2929,0.9,0.18,0.1844,0.4652,410,923,0.0,0.00413,0.7851,0.7851,LOCAL
gen_000025,"Write production-ready code for a risk analyst that processes a settlement report involving market scenario and handles model drift. Format the response as annotated code block. Use enough detail to support a robust answer, including context, assumptions, and acceptance criteria. Optimize for low-latency operational use. Include a minimal validation or testing approach.",coding,easy,medium,finance,2,0.56,annotated code block,372,52,93,0,0,0,0,0,0,4,0.0,0.2975,0.8,0.08,0.1308,0.4206,392,641,0.0,0.004213,0.8076,0.8276,LOCAL
gen_000026,"Design a phased rollout for settlement report adoption across teams that depend on market scenario. Format the response as annotated code block. Use enough detail to support a robust answer, including context, assumptions, and acceptance criteria. Maintain a professional, neutral tone. Address impacts on at least three stakeholder groups. Include rollback or contingency steps.",planning,easy,high,finance,3,0.685,annotated code block,379,54,95,0,0,0,0,0,0,5,0.0,0.2625,1.0,0.18,0.1755,0.5168,293,622,0.0,0.003177,0.8059,0.8059,LOCAL
gen_000027,"Analyze whether a portfolio manager should prioritize cash-flow forecast improvements or direct mitigation of model drift. Format the response as annotated code block. Use enough detail to support a robust answer, including context, assumptions, and acceptance criteria. Maintain a professional, neutral tone. Address impacts on at least three stakeholder groups.",reasoning,easy,high,finance,2,0.64,annotated code block,363,50,91,0,0,0,0,0,0,4,0.1875,0.318,0.65,0.18,0.1292,0.3583,355,730,0.0,0.004958,0.8102,0.8102,LOCAL
gen_000028,"Translate this operational notice about liquidity shortfall into French for stakeholders using cash-flow forecast. Format the response as comparison matrix. Use enough detail to support a robust answer, including context, assumptions, and acceptance criteria. Do not add facts that are not present in the source material. Keep the answer under 250 words. Include at least 4 concrete examples.",translation,easy,low,finance,3,0.535,comparison matrix,392,58,98,0,1,0,0,1,0,1,0.0,0.2625,0.2,0.14,0.1348,0.1432,282,431,0.0,0.001565,0.7527,0.7682,LOCAL
gen_000029,"Summarize a detailed fraud alert for a risk analyst, highlighting default rate, liquidity shortfall, and impact on merchant account. Format the response as comparison matrix. Use enough detail to support a robust answer, including context, assumptions, and acceptance criteria. Discuss edge cases and failure modes. Avoid unexplained jargon.",summarization,easy,low,finance,2,0.49,comparison matrix,341,48,86,0,1,0,0,0,0,1,0.0,0.0,0.36,0.08,0.125,0.1096,230,290,0.0,0.002425,0.6659,0.8227,LOCAL
gen_000030,"Compose a reflective story in which merchant account becomes a symbol for changing default rate. Format the response as comparison matrix. Use enough detail to support a robust answer, including context, assumptions, and acceptance criteria. Avoid unexplained jargon. Make assumptions explicit for auditability. Compare risks, trade-offs, and mitigations.",creative_writing,easy,low,finance,3,0.535,comparison matrix,355,48,89,0,1,0,0,0,1,4,0.1875,0.7,0.65,0.08,0.1275,0.4417,265,841,0.0,0.003022,0.8227,0.8227,LOCAL
gen_000031,"Explain how a ledger export affects gross margin, regulatory breach, and day-to-day decisions for a portfolio manager. Format the response as plain paragraphs. Use enough detail to support a robust answer, including context, assumptions, and acceptance criteria. Return the core result using the requested schema. Mark any facts that would need external verification.",general,easy,low,finance,2,0.49,plain paragraphs,367,53,92,1,0,0,0,0,1,2,0.1988,0.0,0.48,0.28,0.13,0.2236,198,510,0.0,0.00218,0.7125,0.8125,LOCAL
gen_000032,"Compute the break-even threshold for a ledger export when regulatory breach adds a variable cost to each merchant account. Format the response as plain paragraphs. Use enough detail to support a robust answer, including context, assumptions, and acceptance criteria. Avoid unexplained jargon. Make assumptions explicit for auditability. Compare risks, trade-offs, and mitigations.",mathematics,easy,low,finance,3,0.535,plain paragraphs,380,52,95,0,0,0,0,0,1,6,0.1988,0.7,0.78,0.08,0.1324,0.5797,429,555,0.0,0.004237,0.8149,0.8149,LOCAL
gen_000033,"Write production-ready code for a risk analyst that processes a credit model involving merchant account and handles regulatory breach. Include a realistic constraint and one exception case. Format the response as plain paragraphs. Use enough detail to support a robust answer, including context, assumptions, and acceptance criteria. Make assumptions explicit for auditability. Compare risks, trade-offs, and mitigations. Return the core result using the requested schema.",coding,medium,low,finance,3,0.835,plain paragraphs,472,65,118,1,0,0,0,0,0,6,0.1988,0.7,0.75,0.28,0.1493,0.5975,225,506,0.0,0.004905,0.8105,0.8105,LOCAL
gen_000034,"Design a phased rollout for credit model adoption across teams that depend on merchant account. Include a realistic constraint and one exception case. Format the response as numbered steps. Compare risks, trade-offs, and mitigations. Return the core result using the requested schema. Mark any facts that would need external verification.",planning,medium,low,finance,3,0.735,numbered steps,338,50,85,1,0,0,0,0,0,8,0.0,0.7,1.0,0.28,0.1242,0.7843,613,971,0.0,0.007663,0.8109,0.8174,LOCAL
gen_000035,Analyze whether a portfolio manager should prioritize settlement report improvements or direct mitigation of chargeback spike. Include a realistic constraint and one exception case. Format the response as numbered steps. Return the core result using the requested schema. Mark any facts that would need external verification.,reasoning,medium,low,finance,2,0.69,numbered steps,325,46,82,1,0,0,0,0,0,4,0.1875,0.3024,0.65,0.28,0.1216,0.3658,514,562,0.0,0.003705,0.8186,0.8186,LOCAL
gen_000036,Translate this operational notice about chargeback spike into French for stakeholders using settlement report. Include a realistic constraint and one exception case. Format the response as numbered steps. Mark any facts that would need external verification. Use accessible language for a mixed-expertise audience. Address security and privacy implications.,translation,medium,medium,finance,3,0.805,numbered steps,357,48,90,0,0,0,0,0,0,1,0.0,0.2625,0.2,0.08,0.1284,0.1355,195,334,0.0,0.002225,0.7559,0.8043,LOCAL
gen_000037,"Summarize a detailed cash-flow forecast for a risk analyst, highlighting transaction volume, model drift, and impact on loan applicant. Include a realistic constraint and one exception case. Format the response as bullet list. Optimize for low-latency operational use. Maintain a professional, neutral tone.",summarization,medium,medium,finance,2,0.76,bullet list,307,43,77,0,0,0,0,0,0,5,0.0,0.2975,0.96,0.18,0.1751,0.5,301,751,0.0,0.004792,0.835,0.8425,LOCAL
gen_000038,"Compose a reflective story in which loan applicant becomes a symbol for changing transaction volume. Include a realistic constraint and one exception case. Format the response as bullet list. Maintain a professional, neutral tone. Use a consistent rhythm or structural pattern. Keep the answer under 120 words.",creative_writing,medium,medium,finance,3,0.805,bullet list,310,47,78,0,0,0,0,1,1,1,0.0,0.0,0.25,0.18,0.1717,0.0978,230,369,0.0,0.002005,0.7614,0.8286,LOCAL
gen_000039,"Explain how a fraud alert affects transaction volume, model drift, and day-to-day decisions for a portfolio manager. Include a realistic constraint and one exception case. Format the response as bullet list. Discuss edge cases and failure modes. Avoid unexplained jargon.",general,medium,medium,finance,2,0.76,bullet list,271,40,68,0,0,0,0,0,1,2,0.1875,0.0,0.58,0.08,0.1698,0.2244,138,388,0.0,0.00174,0.7278,0.8378,LOCAL
gen_000040,"Compute the break-even threshold for a fraud alert when liquidity shortfall adds a variable cost to each loan applicant. Include a realistic constraint and one exception case. Format the response as markdown table. State time and space complexity where applicable. Show the reasoning steps without skipping assumptions. Maintain a professional, neutral tone.",mathematics,medium,medium,finance,3,0.805,markdown table,358,52,90,0,0,0,0,0,1,4,0.36,0.0,0.88,0.18,0.1762,0.3637,232,948,0.0,0.005065,0.8276,0.8276,LOCAL
gen_000041,"Write production-ready code for a risk analyst that processes a ledger export involving loan applicant and handles liquidity shortfall. Include interacting constraints, uncertainty, and second-order effects. Format the response as markdown table. Keep the request concise but technically dense. State time and space complexity where applicable. Maintain a professional, neutral tone. Keep the answer under 80 words.",coding,hard,high,finance,3,1.0,markdown table,415,57,104,0,0,0,0,1,1,3,0.36,0.245,0.35,0.18,0.1842,0.3298,232,465,0.0,0.00163,0.7269,0.7811,LOCAL
gen_000042,"Design a phased rollout for ledger export adoption across teams that depend on loan applicant. Include interacting constraints, uncertainty, and second-order effects. Format the response as markdown table. Keep the request concise but technically dense. Include rollback or contingency steps. Keep the answer under 120 words. Include at least 2 concrete examples. Discuss edge cases and failure modes.",planning,hard,high,finance,4,1.0,markdown table,401,58,101,0,0,0,0,1,0,5,0.0,0.245,1.0,0.08,0.1811,0.4791,308,463,0.0,0.003393,0.7962,0.7962,LOCAL
gen_000043,"Analyze whether a portfolio manager should prioritize credit model improvements or direct mitigation of regulatory breach. Include interacting constraints, uncertainty, and second-order effects. Format the response as JSON object. Keep the request concise but technically dense. Keep the answer under 180 words. Include at least 3 concrete examples. Discuss edge cases and failure modes.",reasoning,hard,high,finance,3,1.0,JSON object,387,54,97,0,0,0,0,1,0,4,0.1988,0.3113,0.65,0.18,0.134,0.3621,385,792,0.0,0.005622,0.796,0.796,LOCAL
gen_000044,"Translate this operational notice about regulatory breach into French for stakeholders using credit model. Include interacting constraints, uncertainty, and second-order effects. Format the response as JSON object. Keep the request concise but technically dense. Include at least 4 concrete examples. Discuss edge cases and failure modes. Avoid unexplained jargon. Make assumptions explicit for auditability.",translation,hard,high,finance,4,1.0,JSON object,408,54,102,0,0,0,0,1,0,2,0.1988,0.2741,0.2,0.18,0.1378,0.2406,164,382,0.0,0.001585,0.795,0.74,LOCAL
gen_000045,"Summarize a detailed settlement report for a risk analyst, highlighting basis points, regulatory breach, and impact on invoice batch. Include interacting constraints, uncertainty, and second-order effects. Format the response as JSON object. Provide enough context for a precise answer without requiring external documents. Compare risks, trade-offs, and mitigations. Return the core result using the requested schema. Mark any facts that would need external verification.",summarization,hard,high,finance,3,1.0,JSON object,472,64,118,1,0,0,0,0,0,5,0.1875,0.5103,0.81,0.38,0.1493,0.472,459,881,0.0,0.004235,0.7983,0.7983,LOCAL
gen_000046,"Compose a reflective story in which invoice batch becomes a symbol for changing default rate. Include interacting constraints, uncertainty, and second-order effects. Format the response as YAML block. Provide enough context for a precise answer without requiring external documents. Return the core result using the requested schema. Mark any facts that would need external verification. Use accessible language for a mixed-expertise audience. Address security and privacy implications.",creative_writing,hard,high,finance,4,1.0,YAML block,486,67,122,1,0,0,0,0,1,2,0.0,0.245,0.25,0.28,0.15,0.1694,260,476,0.0,0.001435,0.795,0.68,LOCAL
gen_000047,"Explain how a cash-flow forecast affects default rate, chargeback spike, and day-to-day decisions for a portfolio manager. Include interacting constraints, uncertainty, and second-order effects. Format the response as YAML block. Provide enough context for a precise answer without requiring external documents. Optimize for low-latency operational use. Maintain a professional, neutral tone. Keep the answer under 180 words.",general,hard,high,finance,3,1.0,YAML block,425,57,107,0,0,0,0,1,1,4,0.1875,0.2929,0.98,0.18,0.1415,0.4355,420,790,0.0,0.003897,0.8132,0.8132,LOCAL
gen_000048,"Compute the break-even threshold for a cash-flow forecast when chargeback spike adds a variable cost to each invoice batch. Include interacting constraints, uncertainty, and second-order effects. Format the response as YAML block. Provide enough context for a precise answer without requiring external documents. Compare risks, trade-offs, and mitigations. Return the core result using the requested schema. Mark any facts that would need external verification. Use accessible language for a mixed-expertise audience.",mathematics,hard,high,finance,4,1.0,YAML block,517,71,130,1,0,0,0,0,1,5,0.0,0.5103,0.78,0.28,0.15,0.526,365,814,0.0,0.003465,0.7955,0.7955,LOCAL
gen_000049,Write production-ready code for a store operations lead that processes a customer review feed involving loyalty segment and handles stockout. Format the response as checklist. Provide enough context for a precise answer without requiring external documents. Return the core result using the requested schema.,coding,easy,low,retail,1,0.395,checklist,308,44,77,1,0,0,0,0,0,3,0.0,0.0,0.65,0.28,0.1172,0.2935,307,399,0.0,0.001852,0.7195,0.835,LOCAL
gen_000050,Design a phased rollout for customer review feed adoption across teams that depend on supplier. Format the response as checklist. Provide enough context for a precise answer without requiring external documents. Mark any facts that would need external verification. Use accessible language for a mixed-expertise audience.,planning,easy,low,retail,2,0.44,checklist,321,46,81,0,0,0,0,0,0,4,0.0,0.0,1.0,0.08,0.1207,0.3847,383,708,0.0,0.004133,0.8171,0.8171,LOCAL
gen_000051,Analyze whether a ecommerce manager should prioritize inventory snapshot improvements or direct mitigation of stockout. Format the response as checklist. Provide enough context for a precise answer without requiring external documents. Use accessible language for a mixed-expertise audience.,reasoning,easy,medium,retail,1,0.465,checklist,291,38,73,0,0,0,0,0,0,4,0.0,0.3024,0.65,0.08,0.1135,0.3668,313,498,0.0,0.004733,0.8417,0.8417,LOCAL
gen_000052,Translate this operational notice about margin erosion into French for stakeholders using inventory snapshot. Format the response as short executive brief. Provide enough context for a precise answer without requiring external documents. Address security and privacy implications. Optimize for low-latency operational use.,translation,easy,low,retail,2,0.44,short executive brief,322,42,81,0,0,0,0,0,0,4,0.0,0.3024,0.8,0.08,0.1207,0.4212,263,917,0.0,0.004473,0.82,0.8275,LOCAL
gen_000053,"Summarize a detailed promotion calendar for a store operations lead, highlighting basket size, margin erosion, and impact on supplier. Format the response as short executive brief. Provide enough context for a precise answer without requiring external documents. Keep the answer under 80 words.",summarization,easy,low,retail,1,0.395,short executive brief,294,43,74,0,0,0,0,1,0,1,0.0,0.0,0.26,0.08,0.1144,0.0838,153,464,0.0,0.001965,0.8421,0.8421,LOCAL
gen_000054,Compose a reflective story in which supplier becomes a symbol for changing basket size. Format the response as short executive brief. Provide enough context for a precise answer without requiring external documents. Include at least 2 concrete examples. Discuss edge cases and failure modes.,creative_writing,easy,low,retail,2,0.44,short executive brief,291,44,73,0,0,0,0,1,1,1,0.0,0.0,0.25,0.08,0.1135,0.0812,182,275,0.0,0.002393,0.8171,0.8171,LOCAL
gen_000055,"Explain how a returns log affects basket size, late delivery, and day-to-day decisions for a ecommerce manager. Format the response as annotated code block. Provide enough context for a precise answer without requiring external documents. Return the core result using the requested schema.",general,easy,medium,retail,1,0.465,annotated code block,289,43,73,1,0,0,0,0,1,2,0.0,0.0,0.48,0.28,0.1135,0.2324,259,503,0.0,0.002242,0.7712,0.8538,LOCAL
gen_000056,"Compute the break-even threshold for a returns log when late delivery adds a variable cost to each supplier. Format the response as annotated code block. Use enough detail to support a robust answer, including context, assumptions, and acceptance criteria. Maintain a professional, neutral tone. Keep the answer under 250 words. Include at least 4 concrete examples.",mathematics,easy,high,retail,3,0.685,annotated code block,366,56,92,0,0,0,0,1,1,3,0.0,0.0,0.78,0.18,0.13,0.3243,277,413,0.0,0.002,0.724,0.826,LOCAL
gen_000057,"Write production-ready code for a store operations lead that processes a product catalog involving SKU and handles late delivery. Include a realistic constraint and one exception case. Format the response as annotated code block. Use enough detail to support a robust answer, including context, assumptions, and acceptance criteria. Keep the answer under 80 words. Include at least 1 concrete examples. Discuss edge cases and failure modes.",coding,medium,high,retail,3,0.985,annotated code block,440,66,110,0,0,0,0,1,0,1,0.0,0.0,0.35,0.08,0.1437,0.1086,212,335,0.0,0.001925,0.8,0.8,LOCAL
gen_000058,"Design a phased rollout for product catalog adoption across teams that depend on SKU. Include a realistic constraint and one exception case. Format the response as comparison matrix. Use enough detail to support a robust answer, including context, assumptions, and acceptance criteria. Include at least 2 concrete examples. Discuss edge cases and failure modes. Avoid unexplained jargon. Make assumptions explicit for auditability.",planning,medium,high,retail,4,1.0,comparison matrix,431,62,108,0,1,0,0,1,0,3,0.1875,0.0,1.0,0.08,0.1423,0.3272,196,397,0.0,0.00228,0.7927,0.7982,LOCAL
gen_000059,"Analyze whether a ecommerce manager should prioritize customer review feed improvements or direct mitigation of pricing mismatch. Include a realistic constraint and one exception case. Format the response as comparison matrix. Use enough detail to support a robust answer, including context, assumptions, and acceptance criteria. Discuss edge cases and failure modes. Avoid unexplained jargon. Make assumptions explicit for auditability.",reasoning,medium,high,retail,3,0.985,comparison matrix,437,59,110,0,1,0,0,0,0,4,0.1875,0.3024,0.75,0.08,0.1437,0.3686,283,576,0.0,0.004665,0.8056,0.8056,LOCAL
gen_000060,"Translate this operational notice about pricing mismatch into French for stakeholders using customer review feed. Include a realistic constraint and one exception case. Format the response as comparison matrix. Use enough detail to support a robust answer, including context, assumptions, and acceptance criteria. Avoid unexplained jargon. Make assumptions explicit for auditability. Compare risks, trade-offs, and mitigations. Return the core result using the requested schema.",translation,medium,high,retail,4,1.0,comparison matrix,478,64,120,1,1,0,0,0,0,4,0.1875,0.5197,0.65,0.28,0.15,0.4224,399,553,0.0,0.00474,0.8,0.8,LOCAL
gen_000061,"Summarize a detailed inventory snapshot for a store operations lead, highlighting conversion rate, stockout, and impact on SKU. Include a realistic constraint and one exception case. Format the response as plain paragraphs. Use enough detail to support a robust answer, including context, assumptions, and acceptance criteria. Use accessible language for a mixed-expertise audience. Address security and privacy implications. Optimize for low-latency operational use.",summarization,medium,low,retail,3,0.835,plain paragraphs,467,63,117,0,0,0,0,0,0,5,0.0,0.2975,0.96,0.08,0.1485,0.4798,527,495,0.0,0.004162,0.8111,0.8111,LOCAL
gen_000062,"Compose a reflective story in which SKU becomes a symbol for changing conversion rate. Include a realistic constraint and one exception case. Format the response as plain paragraphs. Use enough detail to support a robust answer, including context, assumptions, and acceptance criteria. Address security and privacy implications. Optimize for low-latency operational use. Maintain a professional, neutral tone. Use a consistent rhythm or structural pattern.",creative_writing,medium,low,retail,4,0.88,plain paragraphs,456,64,114,0,0,0,0,0,1,5,0.0,0.2975,0.9,0.18,0.1466,0.4753,476,757,0.0,0.005655,0.8091,0.8145,LOCAL
gen_000063,"Explain how a promotion calendar affects conversion rate, stockout, and day-to-day decisions for a ecommerce manager. Include a realistic constraint and one exception case. Format the response as plain paragraphs. Use enough detail to support a robust answer, including context, assumptions, and acceptance criteria. Discuss edge cases and failure modes. Avoid unexplained jargon. Make assumptions explicit for auditability.",general,medium,low,retail,3,0.835,plain paragraphs,424,58,106,0,0,0,0,0,1,2,0.1875,0.0,0.58,0.08,0.1408,0.2221,255,459,0.0,0.001845,0.702,0.802,LOCAL
gen_000064,"Compute the break-even threshold for a promotion calendar when margin erosion adds a variable cost to each warehouse zone. Include a realistic constraint and one exception case. Format the response as numbered steps. Use enough detail to support a robust answer, including context, assumptions, and acceptance criteria. Mark any facts that would need external verification. Use accessible language for a mixed-expertise audience. Address security and privacy implications. Optimize for low-latency operational use.",mathematics,medium,low,retail,4,0.88,numbered steps,514,72,129,0,0,0,0,0,1,4,0.0,0.2975,0.8,0.08,0.15,0.4228,459,878,0.0,0.003073,0.7905,0.7905,LOCAL
gen_000065,"Write production-ready code for a store operations lead that processes a returns log involving warehouse zone and handles margin erosion. Include interacting constraints, uncertainty, and second-order effects. Format the response as numbered steps. Use enough detail to support a robust answer, including context, assumptions, and acceptance criteria. Use accessible language for a mixed-expertise audience. Address security and privacy implications. Optimize for low-latency operational use. Include a minimal validation or testing approach.",coding,hard,high,retail,4,1.0,numbered steps,542,71,136,0,0,0,0,0,0,5,0.0,0.2929,0.9,0.08,0.15,0.4569,409,527,0.0,0.00558,0.7905,0.7953,LOCAL
gen_000066,"Design a phased rollout for returns log adoption across teams that depend on warehouse zone. Include interacting constraints, uncertainty, and second-order effects. Format the response as numbered steps. Use enough detail to support a robust answer, including context, assumptions, and acceptance criteria. Address security and privacy implications. Optimize for low-latency operational use. Maintain a professional, neutral tone. Address impacts on at least three stakeholder groups. Include rollback or contingency steps.",planning,hard,high,retail,5,1.0,numbered steps,523,70,131,0,0,0,0,0,0,5,0.0,0.3113,1.0,0.18,0.1867,0.5355,461,582,0.0,0.005207,0.8016,0.8064,LOCAL
gen_000067,"Analyze whether a ecommerce manager should prioritize product catalog improvements or direct mitigation of late delivery. Include interacting constraints, uncertainty, and second-order effects. Format the response as bullet list. Keep the request concise but technically dense. Optimize for low-latency operational use. Show the reasoning steps without skipping assumptions. Maintain a professional, neutral tone.",reasoning,hard,high,retail,3,1.0,bullet list,413,53,104,0,0,0,0,0,0,5,0.0,0.3418,0.8,0.18,0.1393,0.4546,368,663,0.0,0.00524,0.7923,0.7981,LOCAL
gen_000068,"Translate this operational notice about late delivery into French for stakeholders using product catalog. Include interacting constraints, uncertainty, and second-order effects. Format the response as bullet list. Keep the request concise but technically dense. Maintain a professional, neutral tone. Preserve local conventions, units, and formatting. Do not add facts that are not present in the source material. Keep the answer under 250 words.",translation,hard,high,retail,4,1.0,bullet list,446,63,112,0,0,0,0,1,0,2,0.0,0.2741,0.2,0.24,0.1451,0.1589,173,353,0.0,0.00173,0.8034,0.7534,LOCAL
gen_000069,"Summarize a detailed customer review feed for a store operations lead, highlighting sell-through, late delivery, and impact on warehouse zone. Include interacting constraints, uncertainty, and second-order effects. Format the response as bullet list. Keep the request concise but technically dense. Avoid unexplained jargon. Make assumptions explicit for auditability. Compare risks, trade-offs, and mitigations.",summarization,hard,high,retail,3,1.0,bullet list,412,53,103,0,0,0,0,0,0,4,0.1875,0.5103,0.81,0.08,0.1386,0.4351,261,571,0.0,0.003727,0.8059,0.8059,LOCAL
gen_000070,"Compose a reflective story in which warehouse zone becomes a symbol for changing sell-through. Include interacting constraints, uncertainty, and second-order effects. Format the response as markdown table. Keep the request concise but technically dense. Make assumptions explicit for auditability. Compare risks, trade-offs, and mitigations. Return the core result using the requested schema. Mark any facts that would need external verification.",creative_writing,hard,high,retail,4,1.0,markdown table,446,60,112,1,0,0,0,0,1,4,0.1875,0.5103,0.65,0.28,0.1451,0.4197,292,619,0.0,0.0052,0.7947,0.7947,LOCAL
gen_000071,"Explain how a inventory snapshot affects basket size, pricing mismatch, and day-to-day decisions for a ecommerce manager. Include interacting constraints, uncertainty, and second-order effects. Format the response as markdown table. Keep the request concise but technically dense. Optimize for low-latency operational use. Maintain a professional, neutral tone. Keep the answer under 180 words.",general,hard,high,retail,3,1.0,markdown table,394,53,99,0,0,0,0,1,1,5,0.0,0.2929,0.98,0.18,0.1355,0.501,481,489,0.0,0.004848,0.8102,0.8102,LOCAL
gen_000072,"Compute the break-even threshold for a inventory snapshot when pricing mismatch adds a variable cost to each loyalty segment. Include interacting constraints, uncertainty, and second-order effects. Format the response as markdown table. Keep the request concise but technically dense. Include at least 4 concrete examples. Discuss edge cases and failure modes. Avoid unexplained jargon. Make assumptions explicit for auditability.",mathematics,hard,high,retail,4,1.0,markdown table,430,59,108,0,0,0,0,1,1,4,0.1875,0.245,0.78,0.08,0.1423,0.3616,480,526,0.0,0.00332,0.7982,0.7982,LOCAL
gen_000073,Write production-ready code for a platform engineer that processes a Terraform module involving autoscaling group and handles regional outage. Format the response as JSON object. Discuss edge cases and failure modes.,coding,easy,high,cloud,1,0.495,JSON object,216,31,54,0,0,0,0,0,0,1,0.0,0.0,0.35,0.18,0.1701,0.1227,198,261,0.0,0.001295,0.6721,0.7495,LOCAL
gen_000074,Design a phased rollout for Terraform module adoption across teams that depend on autoscaling group. Format the response as JSON object. Avoid unexplained jargon. Make assumptions explicit for auditability.,planning,easy,high,cloud,2,0.54,JSON object,206,29,52,0,0,0,0,0,0,3,0.1875,0.0,1.0,0.18,0.1705,0.3415,135,476,0.0,0.00131,0.6852,0.7807,LOCAL
gen_000075,Analyze whether a cloud architect should prioritize service mesh improvements or direct mitigation of regional outage. Format the response as JSON object. Make assumptions explicit for auditability.,reasoning,easy,high,cloud,1,0.495,JSON object,198,27,50,0,0,0,0,0,0,6,0.5764,0.3024,0.95,0.18,0.0897,0.5602,460,678,0.0,0.005625,0.8778,0.8778,LOCAL
gen_000076,"Translate this operational notice about cost overrun into French for stakeholders using service mesh. Format the response as YAML block. Compare risks, trade-offs, and mitigations. Return the core result using the requested schema.",translation,easy,low,cloud,2,0.39,YAML block,231,33,58,1,0,0,0,0,0,7,0.9,0.5197,0.65,0.28,0.0985,0.6819,416,804,0.0,0.003805,0.8548,0.8548,LOCAL
gen_000077,"Summarize a detailed load balancer for a platform engineer, highlighting CPU utilization, cost overrun, and impact on autoscaling group. Format the response as YAML block. Maintain a professional, neutral tone.",summarization,easy,low,cloud,1,0.345,YAML block,210,30,53,0,0,0,0,0,0,2,0.36,0.0,0.26,0.18,0.0931,0.202,261,399,0.0,0.001563,0.8929,0.8586,LOCAL
gen_000078,Compose a reflective story in which container image becomes a symbol for changing CPU utilization. Format the response as YAML block. Provide enough context for a precise answer without requiring external documents. Use a consistent rhythm or structural pattern. Keep the answer under 120 words.,creative_writing,easy,low,cloud,2,0.44,YAML block,295,45,74,0,0,0,0,1,1,1,0.0,0.0,0.25,0.08,0.1144,0.0813,195,486,0.0,0.001385,0.6554,0.7281,LOCAL
gen_000079,"Explain how a object storage policy affects CPU utilization, credential leakage, and day-to-day decisions for a cloud architect. Format the response as checklist. Provide enough context for a precise answer without requiring external documents. Return the core result using the requested schema.",general,easy,low,cloud,1,0.395,checklist,295,42,74,1,0,0,0,0,1,4,0.0,0.0,1.0,0.28,0.1144,0.4182,338,711,0.0,0.003375,0.8421,0.85,LOCAL
gen_000080,Compute the break-even threshold for a object storage policy when credential leakage adds a variable cost to each container image. Format the response as checklist. Provide enough context for a precise answer without requiring external documents. Address security and privacy implications. Optimize for low-latency operational use.,mathematics,easy,low,cloud,2,0.44,checklist,331,46,83,0,0,0,0,0,1,4,0.0,0.2975,0.8,0.08,0.1225,0.4197,342,639,0.0,0.004508,0.8256,0.8256,LOCAL
gen_000081,Write production-ready code for a platform engineer that processes a Kubernetes cluster involving container image and handles credential leakage. Include a realistic constraint and one exception case. Format the response as checklist. Provide enough context for a precise answer without requiring external documents. Optimize for low-latency operational use. Include a minimal validation or testing approach.,coding,medium,medium,cloud,2,0.81,checklist,408,55,102,0,0,0,0,0,0,5,0.0,0.2975,0.9,0.08,0.1846,0.4625,277,917,0.0,0.004125,0.8102,0.8102,LOCAL
gen_000082,"Design a phased rollout for Kubernetes cluster adoption across teams that depend on container image. Include a realistic constraint and one exception case. Format the response as short executive brief. Provide enough context for a precise answer without requiring external documents. Maintain a professional, neutral tone. Address impacts on at least three stakeholder groups. Include rollback or contingency steps.",planning,medium,medium,cloud,3,0.855,short executive brief,415,59,104,0,0,0,0,0,0,5,0.0,0.2625,1.0,0.18,0.2223,0.5222,479,462,0.0,0.00518,0.8019,0.8019,LOCAL
gen_000083,"Analyze whether a cloud architect should prioritize Terraform module improvements or direct mitigation of deployment rollback. Include a realistic constraint and one exception case. Format the response as short executive brief. Provide enough context for a precise answer without requiring external documents. Maintain a professional, neutral tone. Address impacts on at least three stakeholder groups.",reasoning,medium,medium,cloud,2,0.81,short executive brief,402,55,101,0,0,0,0,0,0,5,0.0,0.318,0.95,0.18,0.2217,0.5091,383,476,0.0,0.003093,0.7923,0.7923,LOCAL
gen_000084,Translate this operational notice about deployment rollback into French for stakeholders using Terraform module. Include a realistic constraint and one exception case. Format the response as short executive brief. Provide enough context for a precise answer without requiring external documents. Do not add facts that are not present in the source material. Keep the answer under 250 words. Include at least 4 concrete examples.,translation,medium,medium,cloud,3,0.855,short executive brief,428,64,107,0,0,0,0,1,0,2,0.0,0.2625,0.2,0.14,0.2215,0.1501,333,301,0.0,0.002517,0.7495,0.7947,LOCAL
gen_000085,"Summarize a detailed service mesh for a platform engineer, highlighting p95 latency, regional outage, and impact on tenant namespace. Include a realistic constraint and one exception case. Format the response as annotated code block. Provide enough context for a precise answer without requiring external documents. Return the core result using the requested schema. Mark any facts that would need external verification.",summarization,medium,medium,cloud,2,0.81,annotated code block,420,61,105,1,0,0,0,0,0,4,0.9,0.0,0.36,0.28,0.1401,0.4048,520,753,0.0,0.003603,0.8075,0.8075,LOCAL
gen_000086,Compose a reflective story in which tenant namespace becomes a symbol for changing error budget. Include a realistic constraint and one exception case. Format the response as annotated code block. Provide enough context for a precise answer without requiring external documents. Mark any facts that would need external verification. Use accessible language for a mixed-expertise audience. Address security and privacy implications.,creative_writing,medium,high,cloud,3,0.935,annotated code block,431,61,108,0,0,0,0,0,1,1,0.0,0.0,0.25,0.08,0.1423,0.0835,292,289,0.0,0.00189,0.7594,0.7944,LOCAL
gen_000087,"Explain how a load balancer affects error budget, regional outage, and day-to-day decisions for a cloud architect. Include a realistic constraint and one exception case. Format the response as annotated code block. Provide enough context for a precise answer without requiring external documents. Discuss edge cases and failure modes. Avoid unexplained jargon.",general,medium,high,cloud,2,0.89,annotated code block,360,52,90,0,0,0,0,0,1,4,0.36,0.0,1.0,0.08,0.1284,0.3779,320,740,0.0,0.005025,0.8276,0.8276,LOCAL
gen_000088,"Compute the break-even threshold for a load balancer when cost overrun adds a variable cost to each tenant namespace. Include a realistic constraint and one exception case. Format the response as comparison matrix. Provide enough context for a precise answer without requiring external documents. Avoid unexplained jargon. Make assumptions explicit for auditability. Compare risks, trade-offs, and mitigations.",mathematics,medium,high,cloud,3,0.935,comparison matrix,410,57,103,0,1,0,0,0,1,6,0.2902,0.7,0.78,0.08,0.1386,0.6213,411,582,0.0,0.003907,0.8117,0.8117,LOCAL
gen_000089,"Write production-ready code for a platform engineer that processes a object storage policy involving tenant namespace and handles cost overrun. Include interacting constraints, uncertainty, and second-order effects. Format the response as comparison matrix. Use enough detail to support a robust answer, including context, assumptions, and acceptance criteria. Make assumptions explicit for auditability. Compare risks, trade-offs, and mitigations. Return the core result using the requested schema. Mark any facts that would need external verification.",coding,hard,high,cloud,4,1.0,comparison matrix,553,73,139,1,1,0,0,0,0,4,0.1875,0.5103,0.75,0.28,0.15,0.4451,496,590,0.0,0.003678,0.7909,0.7864,LOCAL
gen_000090,"Design a phased rollout for object storage policy adoption across teams that depend on tenant namespace. Include interacting constraints, uncertainty, and second-order effects. Format the response as comparison matrix. Use enough detail to support a robust answer, including context, assumptions, and acceptance criteria. Compare risks, trade-offs, and mitigations. Return the core result using the requested schema. Mark any facts that would need external verification. Use accessible language for a mixed-expertise audience. Address security and privacy implications.",planning,hard,high,cloud,5,1.0,comparison matrix,569,76,143,1,1,0,0,0,0,6,0.0,0.5103,1.0,0.28,0.15,0.6195,477,881,0.0,0.005118,0.7826,0.7826,LOCAL
gen_000091,"Analyze whether a cloud architect should prioritize Kubernetes cluster improvements or direct mitigation of credential leakage. Include interacting constraints, uncertainty, and second-order effects. Format the response as plain paragraphs. Use enough detail to support a robust answer, including context, assumptions, and acceptance criteria. Return the core result using the requested schema. Mark any facts that would need external verification. Use accessible language for a mixed-expertise audience. Address security and privacy implications.",reasoning,hard,high,cloud,4,1.0,plain paragraphs,547,71,137,1,0,0,0,0,0,5,0.0,0.3113,0.95,0.28,0.1844,0.5195,494,538,0.0,0.005833,0.7909,0.7909,LOCAL
gen_000092,"Translate this operational notice about credential leakage into French for stakeholders using Kubernetes cluster. Include interacting constraints, uncertainty, and second-order effects. Format the response as plain paragraphs. Use enough detail to support a robust answer, including context, assumptions, and acceptance criteria. Mark any facts that would need external verification. Use accessible language for a mixed-expertise audience. Address security and privacy implications. Optimize for low-latency operational use. Maintain a professional, neutral tone.",translation,hard,high,cloud,5,1.0,plain paragraphs,563,71,141,0,0,0,0,0,0,4,0.0,0.3113,0.8,0.18,0.1855,0.449,350,878,0.0,0.004753,0.7739,0.7877,LOCAL
gen_000093,"Summarize a detailed Terraform module for a platform engineer, highlighting egress cost, credential leakage, and impact on VPC. Include interacting constraints, uncertainty, and second-order effects. Format the response as plain paragraphs. Use enough detail to support a robust answer, including context, assumptions, and acceptance criteria. Include at least 1 concrete examples. Discuss edge cases and failure modes. Avoid unexplained jargon. Make assumptions explicit for auditability.",summarization,hard,high,cloud,4,1.0,plain paragraphs,489,65,123,0,0,0,0,1,0,3,0.1875,0.245,0.36,0.08,0.1893,0.2604,193,410,0.0,0.002508,0.7528,0.7879,LOCAL
gen_000094,"Compose a reflective story in which VPC becomes a symbol for changing egress cost. Include interacting constraints, uncertainty, and second-order effects. Format the response as numbered steps. Use enough detail to support a robust answer, including context, assumptions, and acceptance criteria. Discuss edge cases and failure modes. Avoid unexplained jargon. Make assumptions explicit for auditability. Compare risks, trade-offs, and mitigations. Return the core result using the requested schema.",creative_writing,hard,high,cloud,5,1.0,numbered steps,499,68,125,1,0,0,0,0,1,4,0.1875,0.5103,0.75,0.28,0.15,0.4451,487,562,0.0,0.005782,0.7934,0.7984,LOCAL
gen_000095,"Explain how a service mesh affects egress cost, deployment rollback, and day-to-day decisions for a cloud architect. Include interacting constraints, uncertainty, and second-order effects. Format the response as numbered steps. Use enough detail to support a robust answer, including context, assumptions, and acceptance criteria. Optimize for low-latency operational use. Maintain a professional, neutral tone. Keep the answer under 180 words. Include at least 3 concrete examples.",general,hard,high,cloud,4,1.0,numbered steps,482,66,121,0,0,0,0,1,1,7,0.9,0.2929,1.0,0.18,0.1907,0.674,469,654,0.0,0.004582,0.8034,0.8034,LOCAL
gen_000096,"Compute the break-even threshold for a service mesh when deployment rollback adds a variable cost to each VPC. Include interacting constraints, uncertainty, and second-order effects. Format the response as numbered steps. Use enough detail to support a robust answer, including context, assumptions, and acceptance criteria. State time and space complexity where applicable. Show the reasoning steps without skipping assumptions. Maintain a professional, neutral tone. Keep the answer under 250 words. Include at least 4 concrete examples.",mathematics,hard,high,cloud,5,1.0,numbered steps,539,76,135,0,0,0,0,1,1,6,0.6678,0.245,0.88,0.18,0.222,0.5577,245,727,0.0,0.005267,0.7877,0.7923,LOCAL
gen_000097,"Write production-ready code for a SOC analyst that processes a access log involving identity provider and handles privilege escalation. Format the response as bullet list. Use enough detail to support a robust answer, including context, assumptions, and acceptance criteria. State time and space complexity where applicable. Maintain a professional, neutral tone.",coding,easy,medium,cybersecurity,2,0.56,bullet list,363,51,91,0,0,0,0,0,1,2,0.36,0.0,0.35,0.18,0.177,0.2313,213,492,0.0,0.001607,0.7654,0.8132,LOCAL
gen_000098,"Design a phased rollout for access log adoption across teams that depend on identity provider. Format the response as bullet list. Use enough detail to support a robust answer, including context, assumptions, and acceptance criteria. Include rollback or contingency steps. Keep the answer under 120 words. Include at least 2 concrete examples.",planning,easy,medium,cybersecurity,3,0.605,bullet list,343,52,86,0,0,0,0,1,0,4,0.0,0.0,1.0,0.08,0.1729,0.3906,308,916,0.0,0.004185,0.8187,0.8187,LOCAL
gen_000099,"Analyze whether a security engineer should prioritize vulnerability advisory improvements or direct mitigation of privilege escalation. Format the response as bullet list. Use enough detail to support a robust answer, including context, assumptions, and acceptance criteria. Keep the answer under 180 words. Include at least 3 concrete examples.",reasoning,easy,medium,cybersecurity,2,0.56,bullet list,345,48,87,0,0,0,0,1,0,4,0.0,0.3024,0.65,0.08,0.177,0.3741,292,900,0.0,0.003908,0.82,0.82,LOCAL
gen_000100,Translate this operational notice about data exfiltration into French for stakeholders using vulnerability advisory. Format the response as markdown table. Include at least 4 concrete examples. Discuss edge cases and failure modes.,translation,easy,low,cybersecurity,2,0.39,markdown table,231,32,58,0,0,0,0,1,0,1,0.0,0.2625,0.2,0.08,0.1695,0.1388,214,228,0.0,0.001995,0.85,0.85,LOCAL
gen_000101,"Summarize a detailed SIEM alert for a SOC analyst, highlighting MTTR, data exfiltration, and impact on firewall rule. Format the response as markdown table. Address security and privacy implications.",summarization,easy,low,cybersecurity,1,0.345,markdown table,199,29,50,0,0,0,0,0,0,1,0.0,0.0,0.36,0.08,0.0897,0.1068,170,498,0.0,0.001725,0.74,0.9222,LOCAL
gen_000102,"Compose a reflective story in which firewall rule becomes a symbol for changing MTTR. Format the response as markdown table. Optimize for low-latency operational use. Maintain a professional, neutral tone.",creative_writing,easy,low,cybersecurity,2,0.39,markdown table,205,30,52,0,0,0,0,0,1,4,0.0,0.2975,0.8,0.18,0.092,0.4333,292,826,0.0,0.004,0.8714,0.8714,LOCAL
gen_000103,"Explain how a phishing report affects MTTR, false positive, and day-to-day decisions for a security engineer. Format the response as JSON object. Return the core result using the requested schema.",general,easy,high,cybersecurity,1,0.495,JSON object,196,30,49,1,0,0,0,0,1,2,0.0,0.0,0.48,0.38,0.0885,0.2467,167,353,0.0,0.001752,0.7379,0.8821,LOCAL
gen_000104,"Compute the break-even threshold for a phishing report when false positive adds a variable cost to each firewall rule. Format the response as JSON object. Compare risks, trade-offs, and mitigations. Return the core result using the requested schema.",mathematics,easy,high,cybersecurity,2,0.54,JSON object,249,38,63,1,0,0,0,0,1,7,0.0,0.7,0.78,0.38,0.1037,0.7056,228,698,0.0,0.004927,0.8667,0.8667,LOCAL
gen_000105,Write production-ready code for a SOC analyst that processes a malware sample involving firewall rule and handles false positive. Include a realistic constraint and one exception case. Format the response as JSON object. Return the core result using the requested schema. Mark any facts that would need external verification.,coding,medium,high,cybersecurity,2,0.84,JSON object,325,49,82,1,0,0,0,0,0,1,0.0,0.0,0.35,0.38,0.1216,0.1428,243,477,0.0,0.001355,0.8295,0.7382,LOCAL
gen_000106,Design a phased rollout for malware sample adoption across teams that depend on threat actor. Include a realistic constraint and one exception case. Format the response as YAML block. Mark any facts that would need external verification. Use accessible language for a mixed-expertise audience. Address security and privacy implications.,planning,medium,low,cybersecurity,3,0.735,YAML block,336,49,84,0,0,0,0,0,0,4,0.0,0.0,1.0,0.08,0.1233,0.3849,328,909,0.0,0.00553,0.8133,0.82,LOCAL
gen_000107,Analyze whether a security engineer should prioritize access log improvements or direct mitigation of credential compromise. Include a realistic constraint and one exception case. Format the response as YAML block. Use accessible language for a mixed-expertise audience. Address security and privacy implications.,reasoning,medium,low,cybersecurity,2,0.69,YAML block,313,42,79,0,0,0,0,0,0,4,0.0,0.3024,0.65,0.08,0.119,0.3675,438,940,0.0,0.003287,0.8308,0.8308,LOCAL
gen_000108,"Translate this operational notice about credential compromise into French for stakeholders using access log. Include a realistic constraint and one exception case. Format the response as YAML block. Address security and privacy implications. Optimize for low-latency operational use. Maintain a professional, neutral tone.",translation,medium,low,cybersecurity,3,0.735,YAML block,322,43,81,0,0,0,0,0,0,5,0.0,0.3024,0.9,0.18,0.1207,0.4741,517,845,0.0,0.004703,0.835,0.835,LOCAL
gen_000109,"Summarize a detailed vulnerability advisory for a SOC analyst, highlighting severity score, privilege escalation, and impact on threat actor. Include a realistic constraint and one exception case. Format the response as checklist. Make assumptions explicit for auditability. Compare risks, trade-offs, and mitigations.",summarization,medium,low,cybersecurity,2,0.69,checklist,318,42,80,0,0,0,0,0,0,6,0.1875,0.7,0.81,0.08,0.1793,0.5858,345,923,0.0,0.00472,0.8263,0.8263,LOCAL
gen_000110,"Compose a reflective story in which threat actor becomes a symbol for changing severity score. Include a realistic constraint and one exception case. Format the response as checklist. Compare risks, trade-offs, and mitigations. Return the core result using the requested schema. Mark any facts that would need external verification.",creative_writing,medium,low,cybersecurity,3,0.735,checklist,332,49,83,1,0,0,0,0,1,7,0.0,0.7,0.75,0.28,0.1225,0.6799,423,670,0.0,0.003387,0.8133,0.8133,LOCAL
gen_000111,"Explain how a SIEM alert affects attack dwell time, privilege escalation, and day-to-day decisions for a security engineer. Include a realistic constraint and one exception case. Format the response as checklist. Provide enough context for a precise answer without requiring external documents. Discuss edge cases and failure modes. Avoid unexplained jargon.",general,medium,medium,cybersecurity,2,0.81,checklist,358,51,90,0,0,0,0,0,1,2,0.0,0.0,0.58,0.08,0.1284,0.2355,253,386,0.0,0.001605,0.6319,0.7789,LOCAL
gen_000112,"Compute the break-even threshold for a SIEM alert when data exfiltration adds a variable cost to each threat actor. Include a realistic constraint and one exception case. Format the response as short executive brief. Provide enough context for a precise answer without requiring external documents. Maintain a professional, neutral tone. Keep the answer under 250 words. Include at least 4 concrete examples.",mathematics,medium,medium,cybersecurity,3,0.855,short executive brief,408,62,102,0,0,0,0,1,1,3,0.0,0.0,0.78,0.18,0.1378,0.3252,244,243,0.0,0.001585,0.8056,0.7806,LOCAL
gen_000113,"Write production-ready code for a SOC analyst that processes a phishing report involving endpoint and handles data exfiltration. Include interacting constraints, uncertainty, and second-order effects. Format the response as short executive brief. Provide enough context for a precise answer without requiring external documents. Keep the answer under 80 words. Include at least 1 concrete examples. Discuss edge cases and failure modes.",coding,hard,high,cybersecurity,3,1.0,short executive brief,436,61,109,0,0,0,0,1,0,2,0.0,0.245,0.35,0.08,0.143,0.1698,242,461,0.0,0.001652,0.6186,0.7795,LOCAL
gen_000114,"Design a phased rollout for phishing report adoption across teams that depend on endpoint. Include interacting constraints, uncertainty, and second-order effects. Format the response as short executive brief. Provide enough context for a precise answer without requiring external documents. Include at least 2 concrete examples. Discuss edge cases and failure modes. Avoid unexplained jargon. Make assumptions explicit for auditability.",planning,hard,high,cybersecurity,4,1.0,short executive brief,436,59,109,0,0,0,0,1,0,4,0.1875,0.245,1.0,0.08,0.143,0.4167,444,834,0.0,0.005622,0.7927,0.7927,LOCAL
gen_000115,"Analyze whether a security engineer should prioritize malware sample improvements or direct mitigation of false positive. Include interacting constraints, uncertainty, and second-order effects. Format the response as annotated code block. Provide enough context for a precise answer without requiring external documents. Discuss edge cases and failure modes. Avoid unexplained jargon. Make assumptions explicit for auditability.",reasoning,hard,high,cybersecurity,3,1.0,annotated code block,428,55,107,0,0,0,0,0,0,3,0.1875,0.3113,0.65,0.08,0.1415,0.3456,175,300,0.0,0.001767,0.7962,0.7706,LOCAL
gen_000116,"Translate this operational notice about false positive into French for stakeholders using malware sample. Include interacting constraints, uncertainty, and second-order effects. Format the response as annotated code block. Provide enough context for a precise answer without requiring external documents. Avoid unexplained jargon. Make assumptions explicit for auditability. Compare risks, trade-offs, and mitigations. Return the core result using the requested schema.",translation,hard,high,cybersecurity,4,1.0,annotated code block,469,60,118,1,0,0,0,0,0,4,0.1875,0.4669,0.65,0.28,0.1493,0.4091,436,574,0.0,0.003695,0.8018,0.8018,LOCAL
gen_000117,"Summarize a detailed access log for a SOC analyst, highlighting patch coverage, false positive, and impact on endpoint. Include interacting constraints, uncertainty, and second-order effects. Format the response as annotated code block. Provide enough context for a precise answer without requiring external documents. Do not add facts that are not present in the source material. Keep the answer under 80 words. Include at least 1 concrete examples.",summarization,hard,high,cybersecurity,3,1.0,annotated code block,450,67,113,0,0,0,0,1,0,2,0.0,0.245,0.36,0.14,0.1459,0.1797,264,464,0.0,0.002193,0.8017,0.7966,LOCAL
gen_000118,"Compose a reflective story in which endpoint becomes a symbol for changing patch coverage. Include interacting constraints, uncertainty, and second-order effects. Format the response as comparison matrix. Provide enough context for a precise answer without requiring external documents. Keep the answer under 120 words. Include at least 2 concrete examples. Discuss edge cases and failure modes. Avoid unexplained jargon.",creative_writing,hard,high,cybersecurity,4,1.0,comparison matrix,421,59,106,0,1,0,0,1,1,1,0.0,0.245,0.25,0.08,0.1408,0.1446,170,387,0.0,0.002125,0.6849,0.7962,LOCAL
gen_000119,"Explain how a vulnerability advisory affects patch coverage, credential compromise, and day-to-day decisions for a security engineer. Include interacting constraints, uncertainty, and second-order effects. Format the response as comparison matrix. Provide enough context for a precise answer without requiring external documents. Optimize for low-latency operational use. Maintain a professional, neutral tone. Keep the answer under 180 words.",general,hard,high,cybersecurity,3,1.0,comparison matrix,443,57,111,0,1,0,0,1,1,5,0.0,0.2929,0.98,0.18,0.1903,0.5072,372,618,0.0,0.003537,0.8039,0.8039,LOCAL
gen_000120,"Compute the break-even threshold for a vulnerability advisory when credential compromise adds a variable cost to each identity provider. Include interacting constraints, uncertainty, and second-order effects. Format the response as comparison matrix. Provide enough context for a precise answer without requiring external documents. Mark any facts that would need external verification. Use accessible language for a mixed-expertise audience. Address security and privacy implications. Optimize for low-latency operational use.",mathematics,hard,high,cybersecurity,4,1.0,comparison matrix,527,68,132,0,1,0,0,0,1,4,0.0,0.2929,0.8,0.08,0.1879,0.4255,292,836,0.0,0.00358,0.7823,0.7871,LOCAL
